num,label,latitude,longitude,speed,accuracy,bering,time
1,Running,18.6979407,98.949814,0.0,26.0,0.0,1469962872056
1,Running,18.6990622,98.9502077,1.14805567264557,4.0,263.0,1469962879155
1,Running,18.6990754,98.9501598,0.0,6.0,0.0,1469962880000
1,Running,18.6990608,98.9501809,0.0,3.90000009536743,0.0,1469962883000
1,Running,18.699059,98.9501806,1.93531394004822,3.90000009536743,225.0,1469962886000
1,Running,18.6990584,98.9501865,0.870723783969879,3.90000009536743,225.0,1469962889000
1,Running,18.6990382,98.9501708,4.00911378860474,3.0,214.0,1469962892000
1,Running,18.6990089,98.950126,7.81357526779175,3.90000009536743,217.0,1469962895000
1,Running,18.6989391,98.950094,10.3320617675781,5.0,201.0,1469962898000
1,Running,18.6988476,98.9500766,11.173056602478,4.0,184.0,1469962901000
1,Running,18.6987677,98.9500763,9.07199954986572,4.0,182.0,1469962904000
1,Running,18.6987465,98.9500815,1.070356965065,4.0,181.0,1469962907000
1,Running,18.6987603,98.95007,4.38506031036377,4.0,181.0,1469962910000
1,Running,18.6987512,98.9500176,7.56137084960938,5.0,257.0,1469962913000
1,Running,18.6987298,98.9499463,7.67678308486938,6.0,274.0,1469962916000
1,Running,18.6987123,98.9498714,7.22596263885498,5.0,276.0,1469962919000
1,Running,18.6986797,98.9498188,5.94697713851929,5.0,236.0,1469962922000
1,Running,18.6986057,98.9497869,9.36560535430908,4.0,203.0,1469962925000
1,Running,18.698537,98.9497446,8.49874401092529,3.90000009536743,237.0,1469962928000
1,Running,18.6985183,98.94968,6.69754791259766,4.0,258.0,1469962931000
1,Running,18.6985191,98.949607,7.71316194534302,4.0,248.0,1469962934000
1,Running,18.6985042,98.949553,6.65883207321167,4.0,249.0,1469962937000
1,Running,18.6984799,98.9494862,11.901798248291,5.0,242.0,1469962940000
1,Running,18.698454,98.9494082,10.0158309936523,6.0,246.0,1469962943000
1,Running,18.698416,98.9493385,11.0381536483765,5.0,236.0,1469962946000
1,Running,18.6983586,98.949266,11.7764577865601,7.0,235.0,1469962949000
1,Running,18.6983537,98.9492154,10.9079999923706,6.0,250.0,1469962952000
1,Running,18.6983597,98.9491659,7.34408807754517,6.0,264.0,1469962955000
1,Running,18.6983306,98.9490984,10.880578994751,6.0,243.0,1469962958000
1,Running,18.698283,98.9490474,8.83761501312256,7.0,233.0,1469962961000
1,Running,18.6982121,98.9490086,9.01654434204102,7.0,211.0,1469962964000
1,Running,18.6981581,98.9489714,7.88326025009155,7.0,234.0,1469962967000
1,Running,18.6981129,98.9489151,9.00582981109619,10.0,245.0,1469962970000
1,Running,18.6980375,98.9488838,9.36837196350098,6.0,213.0,1469962973000
1,Running,18.6979404,98.9488709,7.77341651916504,5.0,209.0,1469962976000
1,Running,18.6978219,98.9488412,14.0154247283936,7.0,205.0,1469962979000
1,Running,18.6977448,98.9488462,7.81606340408325,8.0,193.0,1469962982000
1,Running,18.6976576,98.9489009,10.5366287231445,10.0,149.0,1469962985000
1,Running,18.6976138,98.9490309,13.4709281921387,10.0,108.0,1469962988000
1,Running,18.6976508,98.9491475,10.7741689682007,6.0,75.0,1469962991000
1,Running,18.697724,98.9492204,9.84822082519531,6.0,54.0,1469962994000
1,Running,18.6978004,98.9492794,7.9795036315918,7.0,51.0,1469962997000
1,Running,18.6978598,98.9493281,9.36172962188721,7.0,55.0,1469963000000
1,Running,18.6979122,98.9493892,10.7950191497803,7.0,60.0,1469963003000
1,Running,18.6979542,98.949452,8.57072257995605,6.0,60.0,1469963006000
1,Running,18.6979981,98.9494971,7.42656469345093,6.0,43.0,1469963009000
1,Running,18.6980776,98.9495416,10.0981111526489,7.0,26.0,1469963012000
1,Running,18.6981559,98.9496207,12.9972457885742,6.0,48.0,1469963015000
1,Running,18.6981913,98.9496916,9.69209289550781,5.0,53.0,1469963018000
1,Running,18.6982225,98.9497648,10.1165761947632,9.0,58.0,1469963021000
1,Running,18.6982226,98.9497963,6.51639747619629,9.0,65.0,1469963024000
1,Running,18.6982435,98.949875,9.90235614776611,8.0,65.0,1469963027000
1,Running,18.6982776,98.9499464,9.8312292098999,8.0,64.0,1469963030000
1,Running,18.6983098,98.9500341,10.0266942977905,5.0,71.0,1469963033000
1,Running,18.6983297,98.950113,9.91281986236572,5.0,68.0,1469963036000
1,Running,18.698363,98.9501856,9.58580684661865,5.0,67.0,1469963039000
1,Running,18.6984134,98.9502545,12.1680002212524,7.0,70.0,1469963042000
1,Running,18.698463,98.9503255,12.0361194610596,6.0,62.0,1469963045000
1,Running,18.6985131,98.9503768,7.64633464813232,12.0,54.0,1469963048000
1,Running,18.6985437,98.9504445,10.1885719299316,10.0,78.0,1469963051000
1,Running,18.6985199,98.9504906,7.86655569076538,9.0,111.0,1469963054000
1,Running,18.6985347,98.9505801,12.2503719329834,10.0,74.0,1469963057000
1,Running,18.6986075,98.9506416,11.5703468322754,7.0,45.0,1469963060000
1,Running,18.6986732,98.9506823,8.2193603515625,6.0,52.0,1469963063000
1,Running,18.6987488,98.9507027,8.41091156005859,6.0,32.0,1469963066000
1,Running,18.6988303,98.9507417,10.6318922042847,9.0,34.0,1469963069000
1,Running,18.6989052,98.9508036,11.0329866409302,7.0,29.0,1469963072000
1,Running,18.698977,98.950858,10.2693433761597,6.0,25.0,1469963075000
1,Running,18.699036,98.9508584,7.61780738830566,6.0,357.0,1469963078000
1,Running,18.699097,98.9508305,8.6257381439209,7.0,331.0,1469963081000
1,Running,18.6991442,98.9507733,8.42523002624512,6.0,316.0,1469963084000
1,Running,18.6991635,98.9506743,11.232518196106,12.0,282.0,1469963087000
1,Running,18.6991164,98.9505755,10.3752470016479,6.0,248.0,1469963090000
1,Running,18.6990722,98.9505061,7.05599975585938,5.0,246.0,1469963093000
1,Running,18.6990363,98.9504218,10.5554304122925,5.0,249.0,1469963096000
1,Running,18.6990164,98.9503711,7.05131483078003,5.0,248.0,1469963099000
1,Running,18.6990402,98.9503158,7.06710338592529,6.0,314.0,1469963102000
1,Running,18.6990667,98.950266,7.69827795028687,6.0,299.0,1469963105000
1,Running,18.6990667,98.9501663,11.6642217636108,7.0,265.0,1469963108000
1,Running,18.6990353,98.9501192,6.38216114044189,8.0,265.0,1469963111000
1,Running,18.6990351,98.950104,3.38189291954041,12.0,265.0,1469963114000
1,Running,18.6989668,98.9500551,10.0810279846191,4.0,202.0,1469963117000
1,Running,18.6988554,98.9500267,10.2080783843994,4.0,207.0,1469963120000
1,Running,18.6987872,98.9499779,8.71177673339844,6.0,234.0,1469963123000
1,Running,18.6987424,98.9499237,8.77226257324219,8.0,247.0,1469963126000
1,Running,18.6987358,98.9499042,4.03232145309448,6.0,229.0,1469963129000
1,Running,18.6987114,98.9498734,5.32800006866455,7.0,238.0,1469963132000
1,Running,18.69866,98.9498491,7.05636739730835,10.0,209.0,1469963135000
1,Running,18.6985946,98.9497976,9.50570487976074,10.0,214.0,1469963138000
1,Running,18.6985408,98.9497514,7.59770584106445,7.0,221.0,1469963141000
1,Running,18.6985128,98.9497184,4.31474685668945,7.0,234.0,1469963144000
1,Running,18.6984615,98.9496602,8.81345844268799,6.0,224.0,1469963147000
1,Running,18.6984501,98.9495774,11.2239770889282,6.0,246.0,1469963150000
1,Running,18.698433,98.9494982,9.36394500732422,6.0,233.0,1469963153000
1,Running,18.6984218,98.9494174,8.29321479797363,6.0,258.0,1469963156000
1,Running,18.6984122,98.9493401,8.82029342651367,6.0,254.0,1469963159000
1,Running,18.6983984,98.949268,8.49722003936768,6.0,256.0,1469963162000
1,Running,18.6983689,98.9492001,7.84808254241943,6.0,240.0,1469963165000
1,Running,18.6983121,98.94913,9.72006702423096,11.0,233.0,1469963168000
1,Running,18.6982426,98.9490898,9.69530200958252,8.0,222.0,1469963171000
1,Running,18.6981952,98.9490775,7.48808622360229,7.0,208.0,1469963174000
1,Running,18.6981038,98.9490767,12.4859285354614,6.0,179.0,1469963177000
1,Running,18.6980334,98.9490929,9.71072864532471,9.0,184.0,1469963180000
1,Running,18.6979632,98.9490613,9.20657253265381,5.0,193.0,1469963183000
1,Running,18.6978914,98.9490217,8.46068859100342,5.0,206.0,1469963186000
1,Running,18.6978131,98.9489683,9.73498821258545,5.0,208.0,1469963189000
1,Running,18.697744,98.9489217,9.97849655151367,6.0,206.0,1469963192000
1,Running,18.6976723,98.9488997,9.54006767272949,5.0,186.0,1469963195000
1,Running,18.6975806,98.9489053,10.2782354354858,7.0,169.0,1469963198000
1,Running,18.6975565,98.9489499,6.13079071044922,9.0,123.0,1469963201000
1,Running,18.6975655,98.9490365,9.57417297363281,7.0,95.0,1469963204000
1,Running,18.697618,98.9491224,10.2523546218872,6.0,61.0,1469963207000
1,Running,18.6976927,98.9491943,10.9393796920776,6.0,48.0,1469963210000
1,Running,18.6977463,98.9492176,5.83377742767334,6.0,48.0,1469963213000
1,Running,18.6978595,98.9492554,11.9160537719727,10.0,23.0,1469963216000
1,Running,18.6979403,98.9493283,11.7775030136108,7.0,36.0,1469963219000
1,Running,18.6979987,98.9493854,8.20270824432373,6.0,30.0,1469963222000
1,Running,18.6980526,98.9494515,12.6226587295532,6.0,35.0,1469963225000
1,Running,18.6980893,98.9494891,8.27412796020508,6.0,27.0,1469963228000
1,Running,18.6981446,98.94952,9.13364791870117,6.0,25.0,1469963231000
1,Running,18.6981941,98.9495472,9.59006404876709,9.0,15.0,1469963234000
1,Running,18.698252,98.9496045,10.262526512146,8.0,31.0,1469963237000
1,Running,18.6982957,98.9496657,9.29051113128662,10.0,35.0,1469963240000
1,Running,18.6983193,98.9497202,7.17403316497803,7.0,32.0,1469963243000
1,Running,18.69831,98.9497974,6.38662719726563,7.0,33.0,1469963246000
1,Running,18.6983179,98.9498921,9.36733436584473,7.0,69.0,1469963249000
1,Running,18.6983455,98.9499733,10.3524875640869,6.0,69.0,1469963252000
1,Running,18.6983747,98.9500648,10.7105903625488,6.0,71.0,1469963255000
1,Running,18.6984139,98.9501535,13.3602199554443,5.0,58.0,1469963258000
1,Running,18.6984593,98.9502161,8.41699695587158,7.0,47.0,1469963261000
1,Running,18.6985021,98.9502451,7.95599985122681,7.0,46.0,1469963264000
1,Running,18.6985476,98.9503235,12.9025220870972,6.0,63.0,1469963267000
1,Running,18.6985746,98.9503799,8.7569580078125,5.0,68.0,1469963270000
1,Running,18.6986016,98.9504548,10.864725112915,6.0,73.0,1469963273000
1,Running,18.6986554,98.9505522,13.8107271194458,7.0,57.0,1469963276000
1,Running,18.6987025,98.9506136,11.2708177566528,11.0,63.0,1469963279000
1,Running,18.6987389,98.9506569,7.66588640213013,8.0,75.0,1469963282000
1,Running,18.6987499,98.9506944,6.98158693313599,8.0,74.0,1469963285000
1,Running,18.6987754,98.9507608,9.30667877197266,8.0,73.0,1469963288000
1,Running,18.698803,98.9508156,7.3803505897522,10.0,72.0,1469963291000
1,Running,18.6988482,98.9508768,8.58477306365967,9.0,51.0,1469963294000
1,Running,18.6989038,98.950885,7.96414089202881,9.0,31.0,1469963297000
1,Running,18.6989665,98.9508791,7.34435224533081,13.0,10.0,1469963300000
1,Running,18.6990471,98.9508,9.2160701751709,9.0,309.0,1469963303000
1,Running,18.6990927,98.9506996,9.98297595977783,7.0,302.0,1469963306000
1,Running,18.6990982,98.9506045,9.07657051086426,6.0,256.0,1469963309000
1,Running,18.699061,98.9505267,8.94895076751709,5.0,235.0,1469963312000
1,Running,18.6990032,98.9504315,12.1533451080322,5.0,237.0,1469963315000
1,Running,18.6989626,98.9503503,10.4760618209839,7.0,242.0,1469963318000
1,Running,18.6989668,98.9502816,9.29922485351563,5.0,275.0,1469963321000
1,Running,18.6989961,98.950212,8.89557075500488,6.0,279.0,1469963324000
1,Running,18.6989893,98.9501516,8.96139717102051,4.0,238.0,1469963327000
1,Running,18.6989539,98.9500929,9.04316806793213,8.0,230.0,1469963330000
1,Running,18.6989258,98.9501245,7.66258955001831,6.0,157.0,1469963333000
1,Running,18.6988785,98.9501522,7.04662656784058,5.0,175.0,1469963336000
1,Running,18.698811,98.9501551,8.08999347686768,7.0,177.0,1469963339000
1,Running,18.6987431,98.9501495,9.06464004516602,7.0,181.0,1469963342000
1,Running,18.6987121,98.9500938,6.90646600723267,7.0,242.0,1469963345000
1,Running,18.6987315,98.9500167,6.87835550308228,9.0,301.0,1469963348000
1,Running,18.6987739,98.9499311,9.62924385070801,10.0,291.0,1469963351000
1,Running,18.6987565,98.9498662,5.12693548202515,9.0,237.0,1469963354000
1,Running,18.6986876,98.9498214,7.38877487182617,6.0,216.0,1469963357000
1,Running,18.6986223,98.9497668,7.70702743530273,4.0,237.0,1469963360000
1,Running,18.6985782,98.9496954,8.40042781829834,3.90000009536743,254.0,1469963363000
1,Running,18.6985607,98.9496229,5.46915674209595,3.0,250.0,1469963366000
1,Running,18.6985404,98.9495779,4.05651426315308,4.0,250.0,1469963369000
1,Running,18.6985139,98.9495323,10.2468547821045,5.0,225.0,1469963372000
1,Running,18.6984539,98.9494536,9.86505126953125,6.0,237.0,1469963375000
1,Running,18.6984426,98.9493643,7.47448825836182,7.0,266.0,1469963378000
1,Running,18.6984287,98.9492852,9.56929874420166,7.0,265.0,1469963381000
1,Running,18.6984012,98.9491889,11.3756580352783,8.0,257.0,1469963384000
1,Running,18.6983372,98.9491061,12.714168548584,9.0,241.0,1469963387000
1,Running,18.698258,98.9490709,9.795241355896,4.0,217.0,1469963390000
1,Running,18.6981631,98.9490574,12.7373867034912,4.0,193.0,1469963393000
1,Running,18.6980637,98.9490674,12.2757368087769,4.0,182.0,1469963396000
1,Running,18.6979802,98.9490498,11.254246711731,4.0,199.0,1469963399000
1,Running,18.6979215,98.9489843,9.93626022338867,5.0,212.0,1469963402000
1,Running,18.6978776,98.9489346,7.9024715423584,5.0,214.0,1469963405000
1,Running,18.6978503,98.9488966,6.66972255706787,5.0,218.0,1469963408000
1,Running,18.6978031,98.9488695,8.35199928283691,5.0,193.0,1469963411000
1,Running,18.6977488,98.9488641,6.08751344680786,5.0,201.0,1469963414000
1,Running,18.6977146,98.9488713,4.8029990196228,6.0,166.0,1469963417000
1,Running,18.6976732,98.9489244,8.25939178466797,5.0,103.0,1469963420000
1,Running,18.6976658,98.9490114,7.96698808670044,6.0,83.0,1469963423000
1,Running,18.6976854,98.9490891,8.58500003814697,7.0,72.0,1469963426000
1,Running,18.6977162,98.9491695,10.6828441619873,6.0,56.0,1469963429000
1,Running,18.6977776,98.9492345,9.2110767364502,5.0,39.0,1469963432000
1,Running,18.6978252,98.9492658,3.55890536308289,5.0,39.0,1469963435000
1,Running,18.6978663,98.9493017,7.38877487182617,6.0,34.0,1469963438000
1,Running,18.6979205,98.9493694,10.7464075088501,5.0,44.0,1469963441000
1,Running,18.6979478,98.9494364,5.2953052520752,6.0,58.0,1469963444000
1,Running,18.6979619,98.949479,6.57697439193726,5.0,61.0,1469963447000
1,Running,18.6980039,98.9495223,6.59429216384888,5.0,23.0,1469963450000
1,Running,18.6980706,98.9495787,11.67649269104,6.0,39.0,1469963453000
1,Running,18.6981463,98.9496497,12.2773199081421,6.0,40.0,1469963456000
1,Running,18.6982169,98.9497186,10.8044385910034,5.0,43.0,1469963459000
1,Running,18.6982591,98.9497814,7.33667230606079,4.0,55.0,1469963462000
1,Running,18.6982828,98.9498358,8.60671138763428,3.0,53.0,1469963465000
1,Running,18.6983084,98.9499001,7.95599985122681,3.90000009536743,60.0,1469963468000
1,Running,18.6983328,98.9499637,9.43227386474609,3.90000009536743,58.0,1469963471000
1,Running,18.6983591,98.9500314,8.96428871154785,3.90000009536743,61.0,1469963474000
1,Running,18.6983807,98.9500959,12.8446865081787,3.90000009536743,68.0,1469963477000
1,Running,18.6984108,98.9501722,7.34479379653931,3.0,47.0,1469963480000
1,Running,18.698444,98.9502152,5.15001344680786,3.90000009536743,65.0,1469963483000
1,Running,18.6984607,98.9502482,4.53728580474854,3.90000009536743,62.0,1469963486000
1,Running,18.6984801,98.9502818,6.08570384979248,4.0,53.0,1469963489000
1,Running,18.6985027,98.9503197,4.5035982131958,4.0,62.0,1469963492000
1,Running,18.6985137,98.9503402,4.15874004364014,5.0,48.0,1469963495000
1,Running,18.6985302,98.9503552,4.26945447921753,6.0,48.0,1469963498000
1,Running,18.6985556,98.9503883,9.07457160949707,6.0,51.0,1469963501000
1,Running,18.698607,98.9504509,10.2615785598755,6.0,49.0,1469963504000
1,Running,18.6986527,98.9505117,5.26006650924683,4.0,53.0,1469963507000
1,Running,18.6986714,98.9505453,4.53828525543213,4.0,39.0,1469963510000
1,Running,18.6986948,98.9505672,4.99155282974243,4.0,43.0,1469963513000
1,Running,18.6987202,98.9505934,5.5191650390625,4.0,48.0,1469963516000
1,Running,18.6987467,98.9506217,7.96772003173828,4.0,70.0,1469963519000
1,Running,18.698772,98.9506796,13.9183654785156,4.0,67.0,1469963522000
1,Running,18.6988075,98.9507606,4.94708633422852,4.0,63.0,1469963525000
1,Running,18.6988386,98.9507881,13.9684171676636,3.90000009536743,28.0,1469963528000
1,Running,18.6989476,98.9508106,11.151460647583,3.90000009536743,10.0,1469963531000
1,Running,18.6990299,98.950817,9.8870964050293,3.90000009536743,346.0,1469963534000
1,Running,18.6991003,98.950796,9.28897666931152,3.90000009536743,328.0,1469963537000
1,Running,18.6991471,98.9507552,4.88606309890747,3.90000009536743,275.0,1469963540000
1,Running,18.6991407,98.9507107,4.8412971496582,3.90000009536743,272.0,1469963543000
1,Running,18.6991313,98.9506567,5.01964426040649,4.0,246.0,1469963546000
1,Running,18.6991105,98.9506025,6.98631906509399,4.0,247.0,1469963549000
1,Running,18.6990846,98.9505445,8.07178974151611,4.0,249.0,1469963552000
1,Running,18.6990563,98.9504789,12.6201953887939,4.0,251.0,1469963555000
1,Running,18.6990245,98.950388,5.15001344680786,4.0,280.0,1469963558000
1,Running,18.699024,98.9503391,6.51719331741333,5.0,278.0,1469963561000
1,Running,18.6990299,98.9502791,3.45899844169617,4.0,268.0,1469963564000
1,Running,18.6990313,98.950236,4.36328315734863,4.0,280.0,1469963567000
1,Running,18.6990707,98.9502195,7.73832559585571,4.0,285.0,1469963570000
1,Running,18.6990869,98.9501695,2.94276595115662,4.0,285.0,1469963573000
1,Running,18.6990939,98.9501948,4.7021017074585,5.0,64.0,1469963576000
1,Running,18.6991041,98.9502401,2.66740322113037,6.0,63.0,1469963579000
2,Running,18.7061405,98.9596009,8.69509887695313,96.0,303.0,1470395628598
2,Running,18.7061561,98.9595843,7.79264879226685,4.0,283.0,1470395629545
2,Running,18.7061907,98.9595141,8.21028900146484,4.0,297.0,1470395632545
2,Running,18.7062376,98.9594579,8.63737487792969,4.0,289.0,1470395635546
2,Running,18.7062731,98.959402,6.12381029129028,5.0,278.0,1470395638542
2,Running,18.7063512,98.9593648,8.94656085968018,4.0,305.0,1470395641542
2,Running,18.7064215,98.9592072,6.39798069000244,4.0,293.0,1470395648542
2,Running,18.7064296,98.9590321,8.19385528564453,4.0,266.0,1470395655544
2,Running,18.7064256,98.9590292,8.72159004211426,3.0,270.0,1470395656000
2,Running,18.7064409,98.9589652,7.85377836227417,3.90000009536743,273.0,1470395659000
2,Running,18.7064549,98.9588892,10.7374792098999,3.90000009536743,276.0,1470395662000
2,Running,18.7064679,98.9588313,7.14334678649902,3.0,286.0,1470395665000
2,Running,18.7064733,98.9587599,5.99256706237793,3.90000009536743,275.0,1470395668000
2,Running,18.7064792,98.958705,6.14071798324585,3.0,268.0,1470395671000
2,Running,18.7065062,98.9586308,9.4833869934082,3.90000009536743,292.0,1470395674000
2,Running,18.7065415,98.9585619,6.73286628723145,3.90000009536743,289.0,1470395677000
2,Running,18.7065754,98.9584962,6.84587097167969,3.90000009536743,289.0,1470395680000
2,Running,18.706599,98.9584296,9.81269073486328,3.0,278.0,1470395683000
2,Running,18.706612,98.9583696,7.42857122421265,3.90000009536743,288.0,1470395686000
2,Running,18.7066355,98.9583021,8.2342472076416,3.90000009536743,297.0,1470395689000
2,Running,18.7066533,98.9582459,8.08662891387939,3.90000009536743,285.0,1470395692000
2,Running,18.7066681,98.9581479,8.19488430023193,3.90000009536743,325.0,1470395695000
2,Running,18.7067169,98.9580921,17.8702926635742,3.90000009536743,300.0,1470395698000
2,Running,18.7067774,98.9579695,10.1382665634155,3.90000009536743,302.0,1470395701000
2,Running,18.7068032,98.9579027,8.65446281433105,3.0,286.0,1470395704000
2,Running,18.7068165,98.9578473,8.47094535827637,3.90000009536743,276.0,1470395707000
2,Running,18.7068187,98.9577902,12.0331029891968,4.0,288.0,1470395710000
2,Running,18.706844,98.957724,6.56188249588013,6.0,292.0,1470395713000
2,Running,18.7068868,98.9576904,9.19939041137695,6.0,315.0,1470395716000
2,Running,18.7069461,98.9576358,7.92989349365234,7.0,310.0,1470395719000
2,Running,18.7069772,98.9575716,8.96407222747803,7.0,297.0,1470395722000
2,Running,18.7069983,98.9575031,8.97620868682861,7.0,268.0,1470395725000
2,Running,18.7069983,98.9574377,10.2023010253906,5.0,275.0,1470395728000
2,Running,18.707021,98.9573616,10.6914548873901,6.0,280.0,1470395731000
2,Running,18.7070236,98.9572906,9.72533130645752,5.0,309.0,1470395734000
2,Running,18.7070648,98.9572402,7.52399969100952,6.0,311.0,1470395737000
2,Running,18.7071052,98.9571963,6.11279535293579,5.0,276.0,1470395740000
2,Running,18.7071203,98.9571336,10.850341796875,5.0,283.0,1470395743000
2,Running,18.7071449,98.9570527,1.75553059577942,5.0,291.0,1470395746000
2,Running,18.7071486,98.9570186,7.42857122421265,5.0,295.0,1470395749000
2,Running,18.707172,98.9569426,9.76556015014648,6.0,292.0,1470395752000
2,Running,18.7072045,98.9568507,10.3585577011108,5.0,284.0,1470395755000
2,Running,18.7072264,98.9567757,6.72130727767944,6.0,289.0,1470395758000
2,Running,18.7072616,98.9567348,10.052770614624,6.0,312.0,1470395761000
2,Running,18.7073226,98.9566865,5.29799652099609,6.0,313.0,1470395764000
2,Running,18.7073597,98.9566623,2.66400003433228,6.0,312.0,1470395767000
2,Running,18.7073746,98.9566404,5.54692077636719,4.0,338.0,1470395770000
2,Running,18.7074207,98.9566243,7.14371013641357,5.0,14.0,1470395773000
2,Running,18.7074767,98.9566271,9.22450351715088,4.0,322.0,1470395776000
2,Running,18.7075279,98.956573,10.4775457382202,5.0,310.0,1470395779000
2,Running,18.7075754,98.9564961,12.182954788208,4.0,309.0,1470395782000
2,Running,18.7076299,98.9564158,11.8754711151123,4.0,306.0,1470395785000
2,Running,18.7076721,98.9563363,10.7072610855103,4.0,301.0,1470395788000
2,Running,18.7077166,98.9562652,12.594856262207,4.0,303.0,1470395791000
2,Running,18.7077661,98.9561803,10.8799247741699,4.0,303.0,1470395794000
2,Running,18.7078161,98.9561102,11.2588510513306,4.0,310.0,1470395797000
2,Running,18.7078694,98.9560469,9.29643726348877,4.0,312.0,1470395800000
2,Running,18.7079089,98.9559935,7.79530954360962,4.0,302.0,1470395803000
2,Running,18.7079367,98.9559417,10.4100399017334,4.0,316.0,1470395806000
2,Running,18.7079773,98.955879,9.93965148925781,4.0,320.0,1470395809000
2,Running,18.7080185,98.9558272,8.64187431335449,4.0,320.0,1470395812000
2,Running,18.7080639,98.955781,9.54679012298584,4.0,321.0,1470395815000
2,Running,18.7081196,98.9557274,13.9987697601318,4.0,319.0,1470395818000
2,Running,18.7081617,98.9556474,10.5603408813477,4.0,303.0,1470395821000
2,Running,18.708174,98.9555854,3.92548608779907,3.90000009536743,305.0,1470395824000
2,Running,18.7081678,98.9555649,4.6395320892334,4.0,310.0,1470395827000
2,Running,18.7081839,98.955535,9.53558349609375,5.0,288.0,1470395830000
2,Running,18.7081998,98.9554668,10.0224933624268,4.0,281.0,1470395833000
2,Running,18.7082113,98.9553923,9.55628776550293,4.0,266.0,1470395836000
2,Running,18.7082147,98.9553233,9.76934051513672,3.90000009536743,290.0,1470395839000
2,Running,18.708243,98.9552529,12.0196876525879,4.0,295.0,1470395842000
2,Running,18.7082991,98.9551844,8.64877033233643,5.0,307.0,1470395845000
2,Running,18.7083582,98.955131,10.4933042526245,5.0,311.0,1470395848000
2,Running,18.7084265,98.955065,9.60093688964844,4.0,310.0,1470395851000
2,Running,18.708493,98.9550012,7.89221477508545,3.90000009536743,322.0,1470395854000
2,Running,18.7085553,98.9549647,9.31697750091553,4.0,38.0,1470395857000
2,Running,18.7086116,98.9550123,11.8229722976685,3.90000009536743,57.0,1470395860000
2,Running,18.7086444,98.9550915,9.88395118713379,4.0,60.0,1470395863000
2,Running,18.7086694,98.9551523,7.44852066040039,6.0,45.0,1470395866000
2,Running,18.7087104,98.9550964,8.24274253845215,7.0,298.0,1470395869000
2,Running,18.70869,98.9550017,3.24978518486023,6.0,265.0,1470395872000
2,Running,18.7086696,98.9549395,11.5115594863892,5.0,286.0,1470395875000
2,Running,18.7086717,98.9548273,9.71713256835938,4.0,318.0,1470395878000
2,Running,18.7087178,98.9547743,7.90771770477295,5.0,335.0,1470395881000
2,Running,18.7087828,98.9547447,12.944239616394,4.0,326.0,1470395884000
2,Running,18.7088504,98.9546734,7.36382579803467,4.0,300.0,1470395887000
2,Running,18.7088828,98.9546246,8.11798000335693,4.0,303.0,1470395890000
2,Running,18.7089167,98.9545834,4.66404914855957,4.0,301.0,1470395893000
2,Running,18.7089314,98.9545599,4.46530628204346,4.0,215.0,1470395896000
2,Running,18.7089095,98.9545273,11.2716798782349,3.90000009536743,260.0,1470395899000
2,Running,18.7089052,98.9544384,11.5574016571045,3.90000009536743,277.0,1470395902000
2,Running,18.7089707,98.9543712,9.23524570465088,4.0,319.0,1470395905000
2,Running,18.7090386,98.9543432,9.38302516937256,4.0,324.0,1470395908000
2,Running,18.7090965,98.9543151,9.80588722229004,4.0,291.0,1470395911000
2,Running,18.7091214,98.9542699,5.86037540435791,4.0,293.0,1470395914000
2,Running,18.7091291,98.9542479,9.80694484710693,5.0,197.0,1470395917000
2,Running,18.7090538,98.9542317,10.068808555603,4.0,186.0,1470395920000
2,Running,18.7089776,98.9542619,10.6747732162476,4.0,157.0,1470395923000
2,Running,18.7089306,98.9543237,11.0275230407715,4.0,141.0,1470395926000
2,Running,18.7088759,98.9543749,8.66284465789795,4.0,140.0,1470395929000
2,Running,18.7088347,98.9544092,7.85592222213745,5.0,115.0,1470395932000
2,Running,18.7088087,98.9544435,6.97852373123169,5.0,124.0,1470395935000
2,Running,18.7087811,98.9544784,8.84347915649414,4.0,122.0,1470395938000
2,Running,18.7087433,98.9545292,6.11999940872192,4.0,160.0,1470395941000
2,Running,18.7086821,98.9545492,10.4759378433228,6.0,162.0,1470395944000
2,Running,18.7085943,98.9545739,10.5897541046143,5.0,148.0,1470395947000
2,Running,18.7085279,98.9546217,8.1716833114624,4.0,145.0,1470395950000
2,Running,18.7084857,98.954672,7.92858648300171,4.0,130.0,1470395953000
2,Running,18.7084471,98.9547324,8.5514965057373,4.0,122.0,1470395956000
2,Running,18.7084149,98.9547924,7.19009304046631,3.90000009536743,106.0,1470395959000
2,Running,18.7083917,98.9548535,10.6253080368042,3.90000009536743,115.0,1470395962000
2,Running,18.7083429,98.9549184,7.94091796875,4.0,126.0,1470395965000
2,Running,18.7083142,98.9549715,9.17999935150146,4.0,146.0,1470395968000
2,Running,18.708257,98.9550074,9.77908706665039,6.0,144.0,1470395971000
2,Running,18.7081983,98.9550354,8.0984001159668,5.0,142.0,1470395974000
2,Running,18.7081664,98.9550577,8.81441402435303,5.0,334.0,1470395977000
2,Running,18.7082519,98.9550211,10.9725017547607,5.0,335.0,1470395980000
2,Running,18.7083455,98.9549729,10.9205865859985,5.0,332.0,1470395983000
2,Running,18.7084082,98.9549168,10.4071760177612,5.0,316.0,1470395986000
2,Running,18.7084468,98.9548497,9.25375080108643,6.0,300.0,1470395989000
2,Running,18.7084619,98.954779,6.35927534103394,4.0,287.0,1470395992000
2,Running,18.7084725,98.9547267,8.67868804931641,4.0,314.0,1470395995000
2,Running,18.7085221,98.9546763,8.88040542602539,4.0,309.0,1470395998000
2,Running,18.7085723,98.9546304,10.4790306091309,4.0,318.0,1470396001000
2,Running,18.7086336,98.9545831,9.97985935211182,4.0,318.0,1470396004000
2,Running,18.7086866,98.9545398,8.13886642456055,4.0,300.0,1470396007000
2,Running,18.7087208,98.9544959,7.35114336013794,5.0,299.0,1470396010000
2,Running,18.7087565,98.95447,5.54972410202026,5.0,300.0,1470396013000
2,Running,18.7087845,98.9544461,10.4145202636719,5.0,299.0,1470396016000
2,Running,18.7088297,98.9543698,10.8846874237061,4.0,299.0,1470396019000
2,Running,18.7088789,98.9543135,7.65116453170776,5.0,302.0,1470396022000
2,Running,18.708928,98.954275,8.0993595123291,6.0,330.0,1470396025000
2,Running,18.7089905,98.9542524,8.9725980758667,5.0,318.0,1470396028000
2,Running,18.7090461,98.954225,12.441632270813,5.0,321.0,1470396031000
2,Running,18.7091195,98.9541838,2.8555965423584,5.0,324.0,1470396034000
2,Running,18.7091433,98.9541874,5.03305244445801,5.0,14.0,1470396037000
2,Running,18.709189,98.9541993,8.22818565368652,4.0,330.0,1470396040000
2,Running,18.7092468,98.9541727,7.74125576019287,4.0,326.0,1470396043000
2,Running,18.7092941,98.9541371,8.09839916229248,4.0,329.0,1470396046000
2,Running,18.709344,98.9541052,7.63208436965942,4.0,333.0,1470396049000
2,Running,18.709404,98.9540825,9.76025009155273,4.0,332.0,1470396052000
2,Running,18.7094723,98.9540427,9.2230281829834,5.0,327.0,1470396055000
2,Running,18.7095291,98.9539985,10.885401725769,3.0,330.0,1470396058000
2,Running,18.7095862,98.9539515,8.36208057403564,3.90000009536743,331.0,1470396061000
2,Running,18.7096269,98.9539095,8.85921859741211,5.0,318.0,1470396064000
2,Running,18.7096469,98.9538487,5.29395914077759,5.0,295.0,1470396067000
2,Running,18.7096683,98.953802,9.56116962432861,5.0,303.0,1470396070000
2,Running,18.709715,98.9537255,10.7389268875122,5.0,302.0,1470396073000
2,Running,18.7097489,98.9536481,10.7461061477661,5.0,319.0,1470396076000
2,Running,18.7097787,98.9536002,7.51288080215454,5.0,325.0,1470396079000
2,Running,18.7098229,98.9535713,9.94962120056152,4.0,312.0,1470396082000
2,Running,18.7098697,98.9535278,6.6028356552124,4.0,316.0,1470396085000
2,Running,18.7099105,98.9534965,9.6878137588501,5.0,310.0,1470396088000
2,Running,18.7099646,98.9534251,11.0188817977905,4.0,306.0,1470396091000
2,Running,18.7100006,98.9533421,9.75918769836426,5.0,284.0,1470396094000
2,Running,18.7100048,98.9532727,10.7656850814819,5.0,283.0,1470396097000
2,Running,18.7100051,98.9531992,9.7649621963501,5.0,280.0,1470396100000
2,Running,18.7099984,98.9531357,7.66833829879761,5.0,279.0,1470396103000
2,Running,18.7099871,98.9530763,9.96211814880371,4.0,262.0,1470396106000
2,Running,18.7099682,98.9530014,11.5436563491821,5.0,260.0,1470396109000
2,Running,18.7099526,98.9529279,11.109076499939,4.0,262.0,1470396112000
2,Running,18.7099389,98.9528511,9.98446846008301,4.0,269.0,1470396115000
2,Running,18.7099325,98.9527883,8.91783237457275,3.90000009536743,259.0,1470396118000
2,Running,18.7099188,98.9527378,9.18120002746582,3.90000009536743,260.0,1470396121000
2,Running,18.7098994,98.9526782,10.3596200942993,3.90000009536743,261.0,1470396124000
2,Running,18.7098818,98.9526075,8.65079307556152,3.90000009536743,254.0,1470396127000
2,Running,18.709865,98.9525515,7.35361099243164,4.0,234.0,1470396130000
2,Running,18.7098344,98.9525077,10.6005182266235,4.0,243.0,1470396133000
2,Running,18.7097998,98.9524438,8.67024707794189,4.0,254.0,1470396136000
2,Running,18.7097836,98.9523947,4.54128265380859,5.0,254.0,1470396139000
2,Running,18.7097754,98.9523508,7.45026063919067,6.0,268.0,1470396142000
2,Running,18.7097691,98.9522709,10.3682498931885,5.0,268.0,1470396145000
2,Running,18.7097705,98.9521788,11.6942386627197,5.0,276.0,1470396148000
2,Running,18.7097828,98.952111,1.44044983386993,4.0,289.0,1470396151000
2,Running,18.7097946,98.9521126,5.8095121383667,4.0,345.0,1470396154000
2,Running,18.7098523,98.9521178,12.1243057250977,3.90000009536743,5.0,1470396157000
2,Running,18.7099374,98.9521697,10.4145202636719,3.90000009536743,25.0,1470396160000
2,Running,18.7100008,98.952204,8.14236831665039,5.0,21.0,1470396163000
2,Running,18.7100472,98.9522045,7.90304517745972,4.0,351.0,1470396166000
2,Running,18.7101087,98.9521962,6.40476322174072,4.0,18.0,1470396169000
2,Running,18.7101639,98.9522155,7.88531494140625,5.0,22.0,1470396172000
2,Running,18.7102198,98.9522493,9.70805931091309,5.0,34.0,1470396175000
2,Running,18.7102729,98.9522887,9.05627250671387,6.0,18.0,1470396178000
2,Running,18.7103156,98.9523078,7.15313768386841,6.0,9.0,1470396181000
2,Running,18.7103562,98.9523116,5.33395624160767,6.0,8.0,1470396184000
2,Running,18.7103967,98.9523039,3.40404677391052,7.0,8.0,1470396187000
2,Running,18.7104333,98.9522901,9.11447143554688,6.0,7.0,1470396190000
2,Running,18.7105066,98.9522978,4.6127781867981,5.0,7.0,1470396193000
2,Running,18.7105418,98.9522994,4.824134349823,5.0,340.0,1470396196000
2,Running,18.7105157,98.9522706,7.35466861724854,5.0,222.0,1470396199000
2,Running,18.7104785,98.9522342,8.35975456237793,5.0,194.0,1470396202000
2,Running,18.7104173,98.9522248,7.27342557907104,5.0,191.0,1470396205000
2,Running,18.710355,98.9522326,5.65795850753784,4.0,182.0,1470396208000
2,Running,18.7102935,98.95224,6.70073986053467,3.90000009536743,193.0,1470396211000
2,Running,18.7102264,98.9522285,6.73979234695435,3.90000009536743,200.0,1470396214000
2,Running,18.7101672,98.9522205,7.79730415344238,3.90000009536743,185.0,1470396217000
2,Running,18.7100986,98.9522283,8.14944839477539,3.90000009536743,182.0,1470396220000
2,Running,18.7100293,98.9522257,8.9155797958374,3.90000009536743,188.0,1470396223000
2,Running,18.7099609,98.952214,8.65266513824463,3.90000009536743,201.0,1470396226000
2,Running,18.7098985,98.9521843,9.90497303009033,3.90000009536743,203.0,1470396229000
2,Running,18.7098324,98.9521561,8.0300178527832,3.90000009536743,181.0,1470396232000
2,Running,18.7097756,98.9521543,6.33763599395752,3.0,178.0,1470396235000
2,Running,18.7097385,98.952157,3.5705394744873,3.90000009536743,177.0,1470396238000
3,Running,18.7080551,98.9557253,4.59589052200317,5.0,117.0,1470396686000
3,Running,18.7080462,98.9557406,5.25600004196167,3.0,117.0,1470396687000
3,Running,18.7079992,98.9557895,9.614426612854,3.90000009536743,142.0,1470396690000
3,Running,18.7079366,98.9558438,9.68406677246094,3.90000009536743,133.0,1470396693000
3,Running,18.7079014,98.9558965,9.1768217086792,3.90000009536743,101.0,1470396696000
3,Running,18.7078889,98.9559618,7.63989162445068,3.90000009536743,102.0,1470396699000
3,Running,18.7078701,98.9560261,7.88761615753174,3.90000009536743,105.0,1470396702000
3,Running,18.7078396,98.9560944,7.04837322235107,4.0,109.0,1470396705000
3,Running,18.7078152,98.956149,6.72053527832031,5.0,105.0,1470396708000
3,Running,18.7077992,98.9562017,9.57369804382324,4.0,102.0,1470396711000
3,Running,18.7077686,98.9562792,10.7983798980713,4.0,107.0,1470396714000
3,Running,18.7077171,98.9563669,10.341778755188,4.0,117.0,1470396717000
3,Running,18.707652,98.9564334,10.2706670761108,4.0,149.0,1470396720000
3,Running,18.7075662,98.9564646,8.90336132049561,5.0,134.0,1470396723000
3,Running,18.707503,98.9565076,9.39903354644775,4.0,128.0,1470396726000
3,Running,18.7074557,98.9565718,9.92686462402344,4.0,127.0,1470396729000
3,Running,18.7074045,98.9566275,10.4810094833374,3.90000009536743,127.0,1470396732000
3,Running,18.7073524,98.9566788,8.97100925445557,4.0,127.0,1470396735000
3,Running,18.7073108,98.9567248,8.50103187561035,4.0,130.0,1470396738000
3,Running,18.7072691,98.9567682,7.3430290222168,3.90000009536743,136.0,1470396741000
3,Running,18.7072203,98.956816,11.1547718048096,6.0,139.0,1470396744000
3,Running,18.7071565,98.9568894,10.1880626678467,4.0,137.0,1470396747000
3,Running,18.7071076,98.9569504,7.8520450592041,4.0,134.0,1470396750000
3,Running,18.7070886,98.9570024,5.1075611114502,5.0,118.0,1470396753000
3,Running,18.7070954,98.9570494,9.37452697753906,5.0,114.0,1470396756000
3,Running,18.7070777,98.9571236,9.33261299133301,5.0,116.0,1470396759000
3,Running,18.7070558,98.9571848,6.00941228866577,5.0,124.0,1470396762000
3,Running,18.7070327,98.9572172,11.4058656692505,4.0,131.0,1470396765000
3,Running,18.7069944,98.957286,10.9008092880249,5.0,123.0,1470396768000
3,Running,18.7069885,98.9573674,9.91105556488037,5.0,115.0,1470396771000
3,Running,18.7069863,98.9574419,7.31119108200073,4.0,108.0,1470396774000
3,Running,18.7069984,98.9575071,7.92736005783081,3.90000009536743,94.0,1470396777000
3,Running,18.7069927,98.9575728,7.4391188621521,3.90000009536743,99.0,1470396780000
3,Running,18.7069836,98.9576373,9.95190048217773,3.90000009536743,96.0,1470396783000
3,Running,18.7069571,98.9576991,6.77575063705444,3.90000009536743,112.0,1470396786000
3,Running,18.7069107,98.9577335,10.5506401062012,4.0,131.0,1470396789000
3,Running,18.7068529,98.9577987,9.90006542205811,3.90000009536743,126.0,1470396792000
3,Running,18.7068098,98.9578551,7.06701183319092,3.90000009536743,125.0,1470396795000
3,Running,18.706786,98.9578941,7.60137224197388,4.0,98.0,1470396798000
3,Running,18.7067837,98.957944,4.16060924530029,4.0,97.0,1470396801000
3,Running,18.7067885,98.9579703,6.3802318572998,5.0,98.0,1470396804000
3,Running,18.7067555,98.9580197,9.73126029968262,5.0,103.0,1470396807000
3,Running,18.706729,98.9581053,9.95483016967773,4.0,121.0,1470396810000
3,Running,18.7066918,98.9581798,7.44747638702393,4.0,112.0,1470396813000
3,Running,18.7066697,98.9582459,9.58418464660645,5.0,107.0,1470396816000
3,Running,18.7066539,98.9583216,5.30325365066528,5.0,100.0,1470396819000
3,Running,18.7066303,98.9583644,8.1716833114624,4.0,123.0,1470396822000
3,Running,18.7065878,98.9584195,7.51633071899414,3.90000009536743,96.0,1470396825000
3,Running,18.7065749,98.958469,4.75881338119507,4.0,96.0,1470396828000
3,Running,18.7065629,98.9585008,7.88260173797607,4.0,119.0,1470396831000
3,Running,18.7065219,98.958557,10.413462638855,5.0,123.0,1470396834000
3,Running,18.7064661,98.9586137,5.67534017562866,5.0,125.0,1470396837000
3,Running,18.7064473,98.9586498,6.75131988525391,6.0,116.0,1470396840000
3,Running,18.706436,98.9586977,7.8483304977417,7.0,117.0,1470396843000
3,Running,18.7064265,98.9587589,7.7198805809021,5.0,88.0,1470396846000
3,Running,18.706438,98.9588271,7.57754993438721,4.0,91.0,1470396849000
3,Running,18.7064455,98.9588924,8.28031253814697,4.0,95.0,1470396852000
3,Running,18.7064393,98.9589641,5.95318508148193,4.0,94.0,1470396855000
3,Running,18.7064408,98.9590273,8.66164875030518,4.0,88.0,1470396858000
3,Running,18.7064066,98.9591206,10.4765567779541,5.0,111.0,1470396861000
3,Running,18.7063618,98.9592182,9.53537940979004,5.0,84.0,1470396864000
3,Running,18.7063655,98.9592897,8.51801300048828,6.0,93.0,1470396867000
3,Running,18.7063505,98.9593434,2.78970956802368,6.0,113.0,1470396870000
